Path,Text,Person_Voice,Mfcc_Fratures
D:\Capstone\VoiceDatasets\Output\Noise removed\biden-original_out\segment_1.wav,"My fellow Americans and the people that brought me the dance. Delawareians. I see my buddy, Senator Tom Carper down there, and I think Senator Coons is there and I think the governor's around. Is that Ruth Ann? And former Governor Ruth Ann Miner, most importantly, my.",biden-original_out,"[-3.27785400e+02  1.04024963e+02 -5.18411751e+01  2.25689030e+00
 -9.35968304e+00 -1.54347610e+01 -1.60660286e+01 -1.66794071e+01
 -1.55941429e+01  4.38956833e+00 -1.21570148e+01 -2.75236130e+00
 -3.81432605e+00 -1.54393835e+01 -8.02666759e+00 -9.29354727e-02
 -1.14321842e+01 -2.55989939e-01 -9.77776718e+00 -1.45642292e+00
 -7.24983215e+00 -5.01816893e+00 -9.61058807e+00 -2.96993923e+00
 -5.04870176e+00  7.67308250e-02 -1.33502215e-01  3.64236569e+00
 -1.52033901e+00  4.50824738e-01 -1.80411232e+00 -4.52308685e-01
 -5.53548932e-02 -1.04645455e+00 -2.91519260e+00 -7.69295871e-01
 -8.87152612e-01 -3.57616246e-01 -2.89063144e+00 -9.00485098e-01]"
D:\Capstone\VoiceDatasets\Output\Noise removed\biden-original_out\segment_2.wav,"Sisters in law. My sister Valerie. Anyway, folks, the people of this nation have spoken. They've delivered us a clear victory, a convincing victory. A victory for we, the people. We've won with the most votes ever cast from presidential ticket in the history of the nation. 74 million.",biden-original_out,"[-3.41456238e+02  9.84139557e+01 -4.09224205e+01  2.76644444e+00
  7.26791525e+00 -3.52477837e+00 -2.65445766e+01 -1.55600605e+01
 -1.05200300e+01 -3.74326468e+00 -1.25330315e+01 -3.10725117e+00
 -3.51681352e+00 -3.81233978e+00 -8.51077271e+00 -2.52064610e+00
 -1.70212002e+01 -7.17178822e+00 -1.10385218e+01 -6.38241243e+00
 -1.19441919e+01 -3.51120996e+00 -4.58357763e+00  2.47204065e+00
  3.72592241e-01  6.86676741e+00 -3.03890109e-01 -7.15148628e-01
 -3.49541831e+00  2.97987133e-01 -2.18944716e+00 -9.60627615e-01
 -2.52810097e+00 -1.49992919e+00 -1.67246306e+00 -6.36457443e-01
 -2.19604182e+00 -1.50819147e+00 -4.71003866e+00 -2.67756176e+00]"
D:\Capstone\VoiceDatasets\Output\Noise removed\biden-original_out\segment_3.wav,"You what I must admit has surprised me tonight. We're seeing all over this nation, all cities, in all parts of the country, indeed, across the world, an outpouring of joy, of hope, renewed faith. And tomorrow bring a better day. And I'm humbled by the trust and confidence you placed in me.",biden-original_out,"[-3.47581635e+02  9.35518799e+01 -4.14482536e+01 -2.37395501e+00
 -1.01977491e+01 -6.19694662e+00 -1.29458246e+01 -9.36427784e+00
 -1.67548656e+01 -9.34769917e+00 -3.99114752e+00 -3.55413604e+00
 -5.39869356e+00 -6.51766872e+00 -1.07223339e+01 -2.30495763e+00
 -1.28086538e+01 -2.08658671e+00 -1.20930395e+01 -8.66631794e+00
 -1.01733494e+01 -3.82381892e+00 -6.51574612e+00  8.74904692e-01
 -2.50939846e+00  4.52963018e+00  2.08042121e+00 -2.12292179e-01
 -3.09788871e+00 -7.08345771e-01 -3.13975644e+00  1.99147403e+00
 -6.19429767e-01  1.19451010e+00 -2.68973684e+00 -2.08011985e+00
 -1.89554262e+00  3.20184231e-01 -1.31197619e+00 -1.52488661e+00]"
D:\Capstone\VoiceDatasets\Output\Noise removed\biden-original_out\segment_4.wav,"I pledge to be a president who seeks not to divide, but unify, who doesn't see red states and blue states, only sees the United States. And work with all my heart, with the confidence of the whole people to win the confidence of all of you. And for that is what America, I believe, is about. It's about people.",biden-original_out,"[-3.3782980e+02  1.0606649e+02 -4.4957142e+01 -7.4175968e+00
 -6.3084254e+00 -2.0332723e+00 -1.9600794e+01 -9.7842693e+00
 -1.1893378e+01 -5.5404019e+00 -6.8375483e+00 -2.6677272e+00
 -6.6593256e+00 -9.9242201e+00 -1.0610301e+01 -2.1003525e+00
 -1.5706112e+01 -4.3165965e+00 -1.2260197e+01 -7.4810281e+00
 -1.1781128e+01 -1.8565606e+00 -4.6345172e+00  8.5497838e-01
 -1.2362490e+00  1.8234243e+00 -1.8653994e+00  3.2199162e-01
 -1.3171893e+00  2.5894412e-01 -1.7763358e+00 -1.6416093e+00
 -1.9870909e+00 -8.1495978e-02 -1.9316422e+00 -1.4563811e+00
 -2.9024818e+00 -2.3621585e+00 -2.7360361e+00 -1.5801095e+00]"
D:\Capstone\VoiceDatasets\Output\Noise removed\biden-original_out\segment_5.wav,"And that's what our administration will be all about. I sought this office to restore the soul of America. To rebuild the backbone of this nation, the middle class and to make America respected around the world again and to unite us here at home. It's the honor of my lifetime time that so many millions of Americans have voted for that vision. And now.",biden-original_out,"[-3.3329669e+02  9.9206474e+01 -4.5199001e+01 -3.5210290e+00
 -2.4603512e+00 -2.5965803e+00 -1.9279112e+01 -1.3647624e+01
 -1.1689237e+01 -3.3642759e+00 -6.8155255e+00 -3.9373884e+00
 -6.7752366e+00 -8.3274784e+00 -8.8175268e+00  1.5845282e+00
 -1.8048729e+01 -4.5278440e+00 -9.9504137e+00 -8.8493710e+00
 -1.4977421e+01 -4.7973661e+00 -7.8997102e+00  9.3519425e-01
  5.0839722e-01  5.6732459e+00 -4.0503326e-01 -1.9879458e+00
 -1.7634674e+00  2.2440622e+00 -2.9483813e-01  8.5667878e-01
 -2.7542930e+00 -1.8513322e+00 -3.1292534e+00 -4.2437714e-01
 -1.6062322e+00 -1.8720890e+00 -2.6117828e+00 -8.2362467e-01]"
D:\Capstone\VoiceDatasets\Output\Noise removed\biden-original_out\segment_6.wav,"The work of making that vision is real. It's a task detask of our time, folks. As I said many times before, I'm Jill's husband, and I would not be here without her love and tireless support of Jill and my son, hunter and Ash and my daughter and all our grandchildren and their spouses and all.",biden-original_out,"[-3.43088226e+02  1.06378632e+02 -3.83889885e+01 -1.14065075e+01
 -1.58020029e+01 -6.45040751e+00 -1.38496218e+01 -1.45328159e+01
 -1.53546944e+01 -1.22202468e+00 -6.84728432e+00 -5.45164347e+00
 -7.23115206e+00 -1.00111961e+01 -1.05755463e+01 -6.93106130e-02
 -1.85995617e+01 -3.11641955e+00 -9.69797611e+00 -8.92529011e+00
 -1.54163055e+01 -5.79916430e+00 -9.35412216e+00 -6.49608135e-01
 -7.82754421e-01  5.92924833e+00  1.25743783e+00  8.90783191e-01
 -1.56748486e+00  1.48571944e-02  3.20847444e-02  4.01531577e-01
 -2.32403564e+00 -2.75129318e-01 -3.21614695e+00 -2.48974681e-01
 -1.73786056e+00 -3.18025142e-01 -3.92181993e+00 -4.73251671e-01]"
D:\Capstone\VoiceDatasets\Output\Noise removed\biden-original_out\segment_7.wav,"Our family. They're my heart. Jill's a mom, a military mom, an educator. She has dedicated her life to education. But teaching isn't just what she does. It's who she is for american educators. This is a great day for y'all. You're going to have one of your own in the White House. And Jill's gonna make a great first lady. I'm so proud of her.",biden-original_out,"[-3.5659698e+02  8.6899803e+01 -4.4282768e+01 -4.8098224e-01
 -2.2699230e+00 -6.2878428e+00 -2.5339319e+01 -1.7674561e+01
 -1.1490914e+01 -2.6129773e+00 -8.2459927e+00 -3.3567090e+00
 -3.3723431e+00 -6.5109696e+00 -1.1379245e+01 -8.5131967e-01
 -1.6844925e+01 -6.1011376e+00 -1.3750723e+01 -8.9999409e+00
 -9.7010088e+00 -1.1031396e+00 -9.8465222e-01  7.0050311e+00
  1.7851136e+00  3.8431158e+00 -2.7768540e+00 -2.2874007e+00
 -8.1769186e-01  2.1152072e+00 -3.4257498e-01 -6.9533908e-01
 -1.9739774e+00  5.0544816e-01 -2.0195906e+00 -7.8686756e-01
 -3.4400601e+00 -1.7503161e+00 -3.4649186e+00 -3.4367540e+00]"
D:\Capstone\VoiceDatasets\Output\Noise removed\biden-original_out\segment_8.wav,"I'll have the honor of serving with the fantastic vice president who you just heard from, Kamala Harris, who makes history as the first woman, first black woman, the first woman from south asian descent, the first daughter of an immigrant ever elected in this country. Don't tell me it's not possible in the United States.",biden-original_out,"[-3.6431342e+02  9.8954948e+01 -4.7896488e+01 -1.1387664e+01
 -1.1513594e+01 -1.4759388e+00 -1.4566360e+01 -9.2653799e+00
 -1.2297499e+01 -5.4939976e+00 -5.4299393e+00 -3.7789521e+00
 -5.9109621e+00 -8.1384382e+00 -1.2316706e+01 -3.1183130e-01
 -1.2002178e+01 -5.7922683e+00 -1.0697299e+01 -6.7374620e+00
 -7.7272186e+00 -1.4178232e+00 -3.4604614e+00 -7.7594894e-01
 -3.5630934e+00  2.7941525e+00 -1.8760766e-01  5.5451953e-01
  3.3223495e-01  4.9826300e-01 -1.2858795e+00 -2.1448991e+00
 -4.3983185e-01  3.4230122e-01 -1.8123643e+00 -2.9264507e-01
 -1.4384273e+00 -1.9778762e+00 -1.5432068e+00 -1.5427967e+00]"
D:\Capstone\VoiceDatasets\Output\Noise removed\biden-original_out\segment_9.wav,"It's long overdue. And we're reminded tonight of those who fought so hard for so many years to make this happen. Once again, America's bent the arc of the moral universe more toward justice. Kamala Dug, like it or not, your family you become an honorary Biden. There's no way out.",biden-original_out,"[-340.1684      108.526306    -48.59708     -17.39428     -12.19901
   -3.6515288   -16.167318    -14.982603    -19.451498     -4.1334195
   -5.329138     -3.1169302    -5.7333803    -8.290982    -13.335302
   -2.0407388   -14.7278595    -4.68927     -12.303313    -11.061256
  -11.533914     -5.5813346    -5.105464      1.4386052     0.5485971
    6.47354       2.7958136     1.0843555    -1.3557402    -2.1163666
   -1.2282325    -0.41732657   -1.7858554    -1.6383028    -4.4005723
   -2.6524065    -1.9011939    -1.3261421    -3.0017433    -1.6580567 ]"
D:\Capstone\VoiceDatasets\Output\Noise removed\biden-original_out\segment_10.wav,"All those of you volunteered and worked the polls in the middle of the pandemic. Local elected officials, you deserve a special thanks from the entire nation and to my campaign team and all the volunteers and all who gave so much of themselves to make this moment possible. I owe you. You. I owe you everything. And all those who support.",biden-original_out,"[-3.48251740e+02  1.02092865e+02 -3.52561722e+01 -1.24928513e+01
 -1.27406998e+01 -4.02076912e+00 -2.18301010e+01 -1.12451944e+01
 -1.33638515e+01 -5.62447596e+00 -8.38881588e+00 -2.18278718e+00
 -6.27312183e+00 -6.88198042e+00 -8.95459747e+00 -3.19277883e+00
 -1.55973301e+01 -5.47394896e+00 -1.17969828e+01 -9.05930996e+00
 -1.05183229e+01 -1.38260353e+00 -4.17737818e+00  2.50914669e+00
 -1.61749077e+00  1.45947766e+00 -2.21912384e+00 -2.56120110e+00
 -2.25028753e+00  3.09525013e-01 -4.36975241e-01  1.53712884e-01
 -6.56943858e-01 -4.79934931e-01 -1.50166523e+00  1.25896013e+00
 -1.32609010e+00 -2.49742675e+00 -3.49739146e+00 -2.11837578e+00]"
D:\Capstone\VoiceDatasets\Output\Noise removed\biden-original_out\segment_11.wav,"Supported us. I'm proud of the campaign we built and ran. I'm proud of the coalition we put together. The broadest and most diverse coalition in history. Democrats, Republicans, independents, progressives, moderates, conservatives, young, old, urban, suburban, rural, gay, straight, transgender, white, latino, asian, Native American. You. I mean it. Especially those moments. And especially for those moments.",biden-original_out,"[-3.14745972e+02  1.17023956e+02 -4.25875969e+01 -1.01261425e+01
 -7.31808805e+00  1.90103877e+00 -2.59447384e+01 -1.99031181e+01
 -1.57054834e+01 -5.71648455e+00 -8.53415680e+00 -3.73325777e+00
 -5.00544500e+00 -7.14866590e+00 -1.15002718e+01 -1.89560080e+00
 -1.89914627e+01 -9.06384659e+00 -1.65798874e+01 -1.01785631e+01
 -1.39199476e+01 -1.44087982e+00  1.32857704e+00  4.52496767e+00
  4.67320010e-02  3.06245852e+00 -5.75065231e+00 -3.21323180e+00
 -1.12658238e+00  2.70060015e+00 -8.31687927e-01 -1.98880792e+00
 -2.24193239e+00  9.56964374e-01 -1.31922615e+00 -1.08634412e+00
 -3.51742315e+00 -3.89118099e+00 -2.87881708e+00 -2.85871482e+00]"
D:\Capstone\VoiceDatasets\Output\Noise removed\biden-original_out\segment_12.wav,"With this campaign was at his lowest ebb. The african american community stood up again for me. You've always had my back, and I'll have yours. I said at the outset I wanted to represent this campaign, to represent and look like America. We've done that now. That's what I want the administration to look like and act like. For all those of you who voted for President Trump,",biden-original_out,"[-3.09115540e+02  1.27127563e+02 -5.99405365e+01 -2.60611038e+01
 -2.89033437e+00 -7.05086374e+00 -2.69652367e+01 -1.59943447e+01
 -1.24280748e+01 -3.96597385e+00 -7.05906677e+00 -5.37421370e+00
 -1.18909807e+01 -7.36498785e+00 -9.97277260e+00  2.15864253e+00
 -1.36205435e+01 -7.08066368e+00 -1.13532877e+01 -1.07388964e+01
 -1.49934559e+01 -4.90405416e+00 -8.81584263e+00 -7.62269199e-01
  7.43549824e-01  4.16714287e+00  1.55398083e+00  5.05971052e-02
  6.89994872e-01  2.52523994e+00 -6.37644887e-01  4.02759314e-01
  3.31368834e-01  8.45308185e-01 -2.33625698e+00 -2.76946694e-01
 -1.67570126e+00 -1.69867563e+00 -2.62189412e+00 -2.51411748e+00]"
D:\Capstone\VoiceDatasets\Output\Noise removed\biden-original_out\segment_13.wav,"Understand the disappointment tonight. I've lost a couple of times myself. But now let's give each other a chance. It's time to put away the harsh rhetoric, lower the temperature, see each other again, listen to each other again. And to make progress, we have to stop treating our opponents as our enemies. They are not our enemies. They are Americans.",biden-original_out,"[-3.3950052e+02  9.7640808e+01 -4.7053288e+01 -6.4095645e+00
 -4.2660818e+00 -4.9403825e+00 -2.5348106e+01 -1.1945968e+01
 -1.2273694e+01 -5.5334477e+00 -6.2689419e+00 -4.0976701e+00
 -9.8883181e+00 -8.0442810e+00 -1.3338851e+01  1.4411118e+00
 -1.3315179e+01 -7.3196654e+00 -1.1199515e+01 -5.4511690e+00
 -1.2760818e+01 -3.3418510e+00 -6.0019507e+00 -1.2502283e+00
 -3.2491925e+00  4.2084742e+00 -1.4019287e+00 -1.1223810e-01
 -9.9040794e-01  1.9452039e+00 -1.2619375e+00 -9.6757370e-01
 -1.7589822e+00  4.0313891e-01 -2.8494570e+00 -5.4916048e-01
 -1.3346044e+00 -7.5919724e-01 -3.0457850e+00 -1.9891701e+00]"
D:\Capstone\VoiceDatasets\Output\Noise removed\biden-original_out\segment_14.wav,"They are Americans. The Bible tells us to everything. There is a season, a time to build, a time to reap, and a time to sow, and a time to heal. This is the time to heal in America. Now, this campaign is over. What is the will of the people? What is our mandate?",biden-original_out,"[-4.02488892e+02  8.98552475e+01 -3.49556236e+01 -9.48000431e+00
 -7.92899513e+00 -5.27990294e+00 -1.71550083e+01 -1.35761948e+01
 -1.19351110e+01 -5.64289474e+00 -4.63984060e+00 -3.81276083e+00
 -4.78898001e+00 -6.35831547e+00 -8.97814751e+00 -2.59849042e-01
 -1.05862894e+01 -7.41283369e+00 -1.07664175e+01 -8.39951038e+00
 -8.91043377e+00 -3.43242717e+00 -6.34910583e-01  2.35810208e+00
  6.85855091e-01  3.05338264e+00 -8.72186720e-01 -4.59499121e-01
 -1.22094655e+00  1.70819056e+00  5.52383900e-01 -1.20925653e+00
 -1.57182443e+00 -1.20296264e+00 -3.17986751e+00 -7.77278602e-01
 -9.71075833e-01 -1.59332991e+00 -3.37121725e+00 -2.61725450e+00]"
D:\Capstone\VoiceDatasets\Output\Noise removed\biden-original_out\segment_15.wav,"It. I believe it's this. Americans have called upon us to marshal the forces of decency, the forces of fairness, to marshal the forces of science and the forces of hope and the great battles of our time. The battle to control the virus, the battle to build prosperity, the battle to secure your family's health care. The battle to achieve racial justice and root out systemic racism in this country.",biden-original_out,"[-3.2438531e+02  1.0475500e+02 -3.0599340e+01 -1.5211137e+01
 -1.7823591e+01 -8.4255539e-02 -1.8703064e+01 -1.5592928e+01
 -1.8635798e+01 -5.2463608e+00 -8.2619505e+00 -2.2366066e+00
 -7.6609278e+00 -7.2323937e+00 -7.4895844e+00  7.2486138e-01
 -1.3918364e+01 -8.1057987e+00 -1.5270694e+01 -1.3368228e+01
 -1.6048368e+01 -4.9038239e+00 -2.7696073e+00  3.6917455e+00
  3.0606427e+00  3.3601332e+00 -4.1102576e+00 -2.5919240e+00
 -2.6609876e+00  3.1232004e+00  2.4940281e-01  3.8002227e-02
 -2.8960264e+00 -4.0607521e-01 -1.7966464e+00  1.2186582e+00
 -1.8615155e+00 -2.3690872e+00 -3.7862484e+00 -8.2644236e-01]"
D:\Capstone\VoiceDatasets\Output\Noise removed\biden-original_out\segment_16.wav,"Country and the battle to save our planet by getting climate under control. The battle to restore decency, defend democracy, and give everybody in this country a fair shot. That's all they're asking for, a fair shot. Folks, all our work begins with getting Covid under control. We cannot repair the.",biden-original_out,"[-3.8102209e+02  9.0915100e+01 -4.4378017e+01 -7.9280534e+00
 -2.0213294e-01 -8.2287893e+00 -1.9320665e+01 -1.4937231e+01
 -1.1497503e+01 -1.9744953e+00 -9.9184942e+00 -4.2319560e+00
 -2.4365370e+00 -4.8598385e+00 -9.5275574e+00 -1.8350013e+00
 -9.8944120e+00 -2.6515989e+00 -1.2418896e+01 -7.9380875e+00
 -1.0278919e+01 -5.4853854e+00 -7.9262285e+00 -2.8121159e+00
  1.1350665e+00  4.6225872e+00  3.3849213e-02 -1.3597688e-01
 -5.8887029e-01  1.9278768e+00  5.7548684e-01 -3.3788717e-01
 -1.7507159e+00 -6.9016278e-01 -2.1491826e+00  3.0689752e-01
 -1.7890739e-01 -1.2425412e+00 -3.1248472e+00 -6.6287422e-01]"
D:\Capstone\VoiceDatasets\Output\Noise removed\biden-original_out\segment_17.wav,"Economy, restore our vitality or relish life's most precious moments, hugging our grandchildren, our children, our birthdays, weddings, graduations, all the moments that matter most to us until we get it under control. On Monday, I will name a group of leading scientists and experts as transition advisors to help take the Biden Harris Covid plan and convert it into an action blueprint that will start on January.",biden-original_out,"[-3.0465100e+02  1.1435317e+02 -4.7458645e+01 -6.6924796e+00
 -1.2462695e+01 -2.4635589e-01 -2.2211042e+01 -1.4706176e+01
 -1.6021849e+01 -9.3483276e+00 -9.5733089e+00 -6.9640818e+00
 -9.5286646e+00 -8.3730154e+00 -1.0885842e+01 -5.7047331e-01
 -1.6038542e+01 -8.3720503e+00 -1.4149052e+01 -9.9136305e+00
 -1.7013044e+01 -7.4260769e+00 -8.9936581e+00 -1.5376601e+00
  9.5450133e-01  5.3091960e+00  2.5042169e+00  3.6188897e-01
 -1.9789826e+00  1.8317860e-01 -6.1600548e-01  2.3938367e+00
  5.4458678e-01 -2.4382907e-01 -3.4448054e+00 -6.2911540e-01
 -6.0063821e-01 -5.3843570e-01 -3.4567637e+00 -2.3975964e+00]"
D:\Capstone\VoiceDatasets\Output\Noise removed\biden-original_out\segment_18.wav,"January the 20th, 2021. That plan will be built on bedrock science. It will be constructed out of compassion, empathy and concern. I will spare no effort, none, or any commitment, to turn around this pandemic. Folks, I'm a proud Democrat, but I will govern.",biden-original_out,"[-3.92351044e+02  8.88215408e+01 -4.48717079e+01 -1.49421015e+01
 -2.15901303e+00 -2.25308418e+00 -1.72390938e+01 -1.33403368e+01
 -1.30509291e+01 -4.09062910e+00 -5.27336884e+00 -3.81431937e+00
 -4.34122229e+00 -9.02535439e+00 -9.73947144e+00  7.08166301e-01
 -1.23357401e+01 -5.17321062e+00 -9.67630291e+00 -7.78948450e+00
 -9.04149151e+00 -4.83850670e+00 -3.76400185e+00 -4.66752470e-01
 -1.44253564e+00  2.09463763e+00 -6.47679329e-01 -6.59316778e-01
 -8.45679224e-01  1.25940323e+00  2.17447028e-01 -4.19050485e-01
 -1.71105228e-02  1.63519645e+00 -4.51637954e-01 -1.15497279e+00
 -2.12186885e+00 -3.95241708e-01 -7.49985754e-01 -8.85800779e-01]"
D:\Capstone\VoiceDatasets\Output\Noise removed\biden-original_out\segment_19.wav,"As an american president, I'll work as hard for those who didn't vote for me as those who did. Let this grim era of demonization in America begin to end here and now. Refusal of Democrats and Republicans.",biden-original_out,"[-411.33398      87.13645     -40.36581     -16.358791      0.7541982
   -1.6675884   -16.8726      -13.03714     -15.453122     -1.5509604
   -5.276226     -4.569483     -4.0570245    -6.133783     -9.245071
   -0.49853054  -13.340174     -7.286706     -9.500881     -6.9997807
   -8.762795     -2.887763     -2.8415015     0.6698616    -0.87354195
    3.2211063    -0.7509805    -1.0565798    -0.62112045    1.6691592
   -0.43436468   -1.1529793    -1.6250393    -0.56411207   -1.5787929
   -1.0377942    -2.1343117    -1.5001442    -1.658174     -1.403353  ]"
D:\Capstone\VoiceDatasets\Output\Noise removed\biden-original_out\segment_20.wav,"To cooperate with one another. It's not some mysterious force beyond our control. It's a decision, a choice we make. And if we can decide not to cooperate, then we can decide to cooperate. And I believe that this is part of the mandate given to us from the american people. They want us to cooperate in their interest. And that's the choice I'll make. And I'll call on Congress, Democrats.",biden-original_out,"[-3.28225800e+02  1.01671768e+02 -4.18308334e+01 -9.47295666e+00
 -7.42750740e+00 -8.26691723e+00 -2.34835701e+01 -1.55164900e+01
 -1.65837154e+01 -8.36966038e+00 -1.05260153e+01 -5.82294893e+00
 -8.91972351e+00 -6.83827019e+00 -1.16700983e+01 -2.77921945e-01
 -1.57914782e+01 -7.33746958e+00 -1.35222645e+01 -1.02575550e+01
 -1.31691294e+01 -3.88285112e+00 -5.15099096e+00  1.54505491e+00
 -6.36476398e-01  5.38806248e+00  6.82372332e-01  2.53690195e+00
  5.30755460e-01  5.36053658e-01 -1.76174223e+00  7.92861998e-01
  2.10915327e-01  5.95413268e-01 -3.38343239e+00 -1.44277585e+00
 -2.78918576e+00 -1.09594870e+00 -3.09036112e+00 -2.32395697e+00]"
D:\Capstone\VoiceDatasets\Output\Noise removed\linus-original\segment_1.wav,"Most successful companies eventually outgrow the leadership of their founders, and it looks like my time is now. Effective July 1, 2023, after ten wild and very eventful years, I will be stepping down as CEO of Linus Media Group, creator Warehouse, and Floatplane Media. I'm sure you have a lot of questions, and I'm going to try to answer them all here. Like why now? What's going to happen to the channels in the lab? And if not you, who's going to be around to tell us?",linus-original,"[-2.9586679e+02  1.2396465e+02 -1.7094360e+01  2.2503141e+01
  7.5619121e+00 -3.0935056e+00 -5.1382910e-02 -1.3668199e+00
 -5.9190011e+00  8.4336195e+00 -8.0978327e+00 -2.1780792e-01
 -1.6437976e+00  2.3543334e+00 -1.4168059e+00 -1.1630028e+00
 -2.4477973e+00  1.6444986e+00 -4.7698112e+00 -1.8572168e+00
 -8.2618105e-01 -4.2553261e-01 -5.4443746e+00 -1.4878033e+00
 -8.3261623e+00 -4.0326538e+00 -5.0162711e+00 -8.4176266e-01
 -4.4279294e+00 -2.1958473e+00 -3.3050432e+00 -1.0026950e+00
 -3.0372412e+00 -2.1998942e+00 -3.6709642e+00 -2.7000754e+00
 -3.5945950e+00 -1.7022063e+00 -3.4038215e+00 -1.8256409e+00]"
D:\Capstone\VoiceDatasets\Output\Noise removed\linus-original\segment_2.wav,"About our sponsor. The Ridge Father's Day is coming up. Luckily, ridge is having one of their biggest sales of the year. Give the dads in your life a unique and functional ridge wallet or key case so they can do dad things like brag about their wallet and keys. Check the ridge out at the link below and make dad proud. The truth is, I was never really cut out to be a CEO. I remember putting it on my business cards in the early days when we had only four employees, thinking, this feels ridiculous. And I've never really outgrown that. I'm a lot of things.",linus-original,"[-2.7178558e+02  9.8526192e+01 -1.8644556e+01  2.1032825e+01
  6.5777698e+00 -6.8515029e+00 -2.4076507e+00 -4.8808675e+00
 -8.2222281e+00  4.5627413e+00 -1.3992986e+01  2.8009269e-01
 -6.1209264e+00  1.1565969e+00 -3.0264113e+00  1.4254215e+00
 -5.2907314e+00  2.7714124e+00 -6.6973939e+00 -2.3874760e+00
 -4.1977515e+00 -1.2633629e+00 -5.5942636e+00  1.0104389e-01
 -6.9823856e+00  8.7480640e-01 -3.3547087e+00  9.2084515e-01
 -2.8181574e+00  9.9912000e-01 -1.1352153e+00  1.6388712e+00
 -1.0848665e+00  1.3765914e+00 -9.4752717e-01  1.4716313e+00
 -3.2918692e-01  1.1443572e+00 -1.6886168e+00 -1.7741059e-01]"
D:\Capstone\VoiceDatasets\Output\Noise removed\linus-original\segment_3.wav,"I'm a bottomless pit of creative energy, an excellent motivator and speaker. I'm wicked smart, charming, really funny. But in addition to those strengths, both real and imagined, I have a lot of weaknesses. And chief among them is that I've just never really had the attention to detail or the temperament that it takes to run an organization this large. I touched on some of this during my infamous 10 million and subscriber stream, but the truth is, while I did manage to wrap that up with a pause.",linus-original,"[-294.20328     111.13941     -19.717669     22.591715     10.0527725
   -6.8271666    -6.179753     -2.4790783    -9.047459      7.6552453
  -10.07163      -4.126311     -3.7203434    -0.42014593   -3.282115
   -1.6681657    -2.5195503     2.2621467    -4.1142387    -2.3866937
   -2.809741     -1.6586994    -5.195344     -0.6620018    -8.788978
   -4.0562644    -5.6517353    -1.819222     -4.963236     -3.448896
   -3.4051263    -2.2460358    -3.1108851    -1.7456591    -3.6619835
   -1.654843     -2.7260456    -1.528906     -2.5986702    -0.7980174 ]"
D:\Capstone\VoiceDatasets\Output\Noise removed\linus-original\segment_4.wav,"Positive message about finding motivation to move forward. None of those feelings I talked about ever went away. I wasn't built for this. And I'm tired. Like, really can't do this anymore. Tired. And if I try to drag myself through another ten years of business administration, I know I'm going to destroy myself and probably end up killing the company and the community that I love so much. In the process, I'm at my best when I'm pitching new content or product ideas or when I'm problematic.",linus-original,"[-305.2695      124.687836    -14.339834     15.969717      8.778337
   -6.4096923    -5.4168563    -2.148286    -11.130381      8.824585
   -6.90891      -6.86545      -2.5348835     1.1362289    -1.1691885
   -1.0849962    -3.8917327    -0.42996877   -5.089845     -4.9212785
   -3.2833452    -2.5637999    -5.4098077    -2.6973727    -7.992895
   -3.406018     -4.7616773    -2.5543509    -4.0910106    -2.582477
   -3.0101216    -1.7945027    -4.112468     -2.8305845    -3.235449
   -1.5858407    -1.4468131    -1.8790271    -3.6215343    -2.4803653 ]"
D:\Capstone\VoiceDatasets\Output\Noise removed\linus-original\segment_5.wav,"Solving ways to wipe garbage sites like user benchmark out once and for all. And I have some good news. None of that stuff is going to be going away. My new role is going to be chief vision officer, which is a stupid, BS sounding, made up role, but I think it really is the best one. We thought about creative officer, but that didn't really encompass what I'm going to be responsible for because my gut and principles are what got us to where we are today. So I'm still going to be charting the path that I think makes sense.",linus-original,"[-2.80137909e+02  1.21696884e+02 -9.48078918e+00  2.14013424e+01
  8.34710777e-01 -4.45513166e-02 -6.48335314e+00 -2.07657194e+00
 -9.22090340e+00  8.11839294e+00 -1.15337915e+01 -5.36317825e+00
 -4.06253004e+00 -4.95130897e-01 -1.68166423e+00 -2.33424878e+00
 -5.62090111e+00 -5.63372850e-01 -4.76220942e+00 -4.40234089e+00
 -2.44905615e+00 -7.19635308e-01 -3.84043455e+00 -2.30298090e+00
 -8.05326176e+00 -2.68719220e+00 -4.85154343e+00 -1.95579505e+00
 -4.31789637e+00 -1.53078508e+00 -3.01296806e+00 -9.67201531e-01
 -3.11926007e+00 -1.49154067e+00 -2.90188241e+00 -1.15929949e+00
 -1.43331897e+00 -1.70472133e+00 -3.17285681e+00 -1.89919603e+00]"
D:\Capstone\VoiceDatasets\Output\Noise removed\linus-original\segment_6.wav,"We don't want to lose our moral compass, but when it comes to the details of how to best utilize our resources to get there, I need some help. I'm sure you have a lot of questions right now. Like who our second sponsor is. Just kidding. We're going to get to that later. First, I want to talk about what isn't did I really write that? Sorry. First, I want to talk about what isn't going to change. And the biggest one is the rest of our leadership team. Yvonne and I spent the last six months working with them on my replacement.",linus-original,"[-2.98854187e+02  1.15419556e+02 -5.58103752e+00  1.59212160e+01
  4.39906311e+00  1.18170929e+00 -3.14070415e+00 -2.26301026e+00
 -9.01224804e+00  9.03914738e+00 -7.16667032e+00 -4.04343748e+00
 -3.49690348e-01 -7.37815619e-01 -2.51919460e+00  1.81919243e-02
 -2.96828318e+00  5.63837409e-01 -4.25783300e+00 -4.61754179e+00
 -1.77268696e+00 -6.36918962e-01 -3.57065725e+00 -9.46277916e-01
 -8.56805420e+00 -4.20236444e+00 -3.74423885e+00 -1.41724813e+00
 -4.67051268e+00 -9.87922430e-01 -2.49940014e+00 -2.12145066e+00
 -4.23134470e+00 -1.81658351e+00 -3.05569458e+00 -1.01398730e+00
 -1.60457325e+00 -1.77585113e+00 -3.58105588e+00 -9.11492884e-01]"
D:\Capstone\VoiceDatasets\Output\Noise removed\linus-original\segment_7.wav,"Which included having him work for us on a contract basis to ensure that they feel he is a competent manager and b the kind of person who can comfortably integrate into our team. They are going to be continuing to work alongside him to ensure that this transition goes as smoothly as possible. The next thing that isn't going to change is me. I am not going away. You can expect to see me on camera just as much as you used to. I mean, ideally, maybe more, since if all goes according to plan, I'm going to be left to do what I do best, which is engage with our community.",linus-original,"[-2.9633823e+02  1.2057412e+02 -7.1561761e+00  2.8296385e+01
  9.5087318e+00 -2.7866402e-01 -5.2887692e+00 -1.8365818e+00
 -9.9509258e+00  9.5236206e+00 -1.1498503e+01 -3.4663975e+00
 -3.7825243e+00 -1.5125538e+00 -1.1876628e+00 -8.9126796e-01
 -2.3849800e+00  2.2201898e+00 -4.1653137e+00 -3.8985491e+00
 -1.9442468e+00  1.0279894e+00 -3.7554648e+00 -2.3995986e+00
 -8.8816891e+00 -4.2023349e+00 -5.4324594e+00 -3.3309760e+00
 -5.2392492e+00 -2.3996086e+00 -2.9712961e+00 -1.6045334e+00
 -4.4243097e+00 -1.6116391e+00 -3.1884992e+00 -6.6247779e-01
 -1.2401415e+00 -9.2382056e-01 -3.3307493e+00 -1.1937873e+00]"
D:\Capstone\VoiceDatasets\Output\Noise removed\linus-original\segment_8.wav,"That's you. And create. Speaking of which, I'm going to be doing A-Q-A session about this with the community in the next week or so. Make sure you're signed up@floatplane.com. Slash ltt so you don't miss it. Also, not changing our ownership structure. Yvonne and I are still the sole shareholders and directors of the company. So there hasn't been some kind of corporate buyout that's going to force us to sell our souls to cover their purchase investment. We did have a substantial offer recently to sell out. And, and I might as well speak plainly. The offer was a hundred million dollars, 60% cash.",linus-original,"[-2.90022583e+02  1.23275856e+02 -1.53562200e+00  2.01563301e+01
  6.52032661e+00  2.02210164e+00 -6.42873526e+00 -1.24238491e+00
 -1.07346611e+01  9.88560295e+00 -5.48186731e+00 -4.55162334e+00
 -2.23818111e+00  1.05687964e+00  1.41054559e+00 -1.10081780e+00
 -2.98372960e+00  1.11681275e-01 -2.20905662e+00 -5.27065134e+00
 -2.09858942e+00 -4.19175088e-01 -5.07815742e+00 -1.85542834e+00
 -7.34534121e+00 -4.00149727e+00 -5.24604750e+00 -2.78247786e+00
 -4.44511318e+00 -2.17069006e+00 -3.25386167e+00 -2.06923747e+00
 -3.01857138e+00 -3.02597332e+00 -3.49698496e+00 -2.56606770e+00
 -1.92905223e+00 -2.30046201e+00 -3.42689276e+00 -2.00828099e+00]"
D:\Capstone\VoiceDatasets\Output\Noise removed\linus-original\segment_9.wav,"40% shares in the acquiring company. Basically, it was enough to live in a beachfront hotel for the rest of our lives, for our kids to do that, and for our kids kids to do the same. We decided not to take it, and there were a few reasons for that. First is that, honestly speaking, it wouldn't really change our lifestyle much. I mean, what are we going to do? Buy an even bigger house? An even faster car? I mean, that's never really been us anyway. Second is because we love this company and the people in it, and I just don't think our.",linus-original,"[-3.0827634e+02  1.1940468e+02 -5.7015338e+00  2.2666512e+01
  1.2238513e+01 -1.5589741e+00 -6.9822059e+00 -2.4258108e+00
 -8.2342453e+00  8.8897362e+00 -7.6950359e+00 -3.6406209e+00
 -3.0574048e+00  7.4916117e-02 -1.0457734e+00 -1.7750627e-01
 -1.8561199e+00  5.0640565e-01 -3.7318058e+00 -3.8550658e+00
 -3.0670805e+00 -6.9431949e-01 -3.3208046e+00 -2.5802755e+00
 -7.3362460e+00 -3.9279778e+00 -5.4694357e+00 -2.7381842e+00
 -3.9722784e+00 -1.9092931e+00 -2.8122528e+00 -1.6140324e+00
 -2.2409139e+00 -1.3592012e+00 -3.8063323e+00 -2.0636959e+00
 -2.0525303e+00 -2.6463120e+00 -3.2246637e+00 -2.0518458e+00]"
D:\Capstone\VoiceDatasets\Output\Noise removed\linus-original\segment_10.wav,"Missions complete yet. I'm not sure that it will ever be. My point is just that our attitude towards money, make lots of it and keep reinvesting and building this thing to do even better. It's not going to change, and you're not going to see the kind of short term thinking that comes from investor pressure. Our long term thinking is just going to come from this guy instead. On that note, then let's talk about what does change. And this is actually mostly for the benefit of my team who's watching this, but you guys might as well be in on it.",linus-original,"[-3.0066302e+02  1.2218179e+02 -9.0408554e+00  2.1906784e+01
  9.7046680e+00 -3.8851156e+00 -6.6811547e+00 -2.1817348e+00
 -7.2244372e+00  9.5957489e+00 -7.4295154e+00 -2.9346590e+00
 -3.3439975e+00  3.0717021e-01 -2.3319788e+00 -7.8748631e-01
 -2.2216058e+00  8.2218938e-02 -3.0091171e+00 -3.6297543e+00
 -3.2336805e+00 -1.3806653e+00 -3.8331711e+00 -1.6614833e+00
 -7.2627950e+00 -4.1425238e+00 -6.2544746e+00 -2.1369843e+00
 -4.3119283e+00 -3.3007691e+00 -3.7611439e+00 -2.3675401e+00
 -3.1702764e+00 -1.5483159e+00 -3.2261472e+00 -2.0168817e+00
 -3.0970588e+00 -2.7670763e+00 -3.8161690e+00 -2.7843120e+00]"
D:\Capstone\VoiceDatasets\Output\Noise removed\linus-original\segment_11.wav,"The biggest change is in reporting. No one will report directly into me anymore. If there's an issue with salary transparency, or the snacks in the lunchroom or the warranty on the backpack or whatever, I promise you I give you my personal guarantee. Trust me, bro. Whatever it is, there is somebody else who's in charge of that, and that is by design. Yvonne and I have laid out a clear set of guidelines for how we want this company handled with integrity and compassion. People first. We want to make strong investments in.",linus-original,"[-2.8907111e+02  1.2059334e+02 -9.8144808e+00  1.8274826e+01
  6.2761827e+00 -4.3478398e+00 -8.8642197e+00 -1.9365644e+00
 -7.5542779e+00  8.0721884e+00 -9.5931969e+00 -4.9061441e+00
 -3.4802115e+00 -4.3033186e-01 -1.2504443e+00 -1.6408585e+00
 -4.3654513e+00 -9.7899151e-01 -3.7357235e+00 -4.1509748e+00
 -4.9550319e+00 -1.3752767e+00 -4.6567740e+00 -2.9575493e+00
 -6.5964370e+00 -5.6587300e+00 -6.7493124e+00 -3.6826043e+00
 -5.6940618e+00 -4.2894602e+00 -3.2870319e+00 -1.5925714e+00
 -2.0004270e+00 -5.9812307e-01 -1.8812218e+00  5.3212970e-02
 -5.6188118e-01 -1.2632827e+00 -1.5128293e+00 -1.5724512e+00]"
D:\Capstone\VoiceDatasets\Output\Noise removed\linus-original\segment_12.wav,"Building something that's going to continue to offer growth opportunities to everyone who's part of our team. Beyond that, though, the buck stops with the new CEO. I'm not going to be stepping in to undermine him. And this is a big shift. That's going to mean we're all going to need to break some really old habits. With that out of the way, then who the hell is this guy? Right? The keenite among you might have noticed that the picture I showed you is actually from the roast a few years back. So this is your first exposure to Mr. Taron Tong? He was my boss when I worked at NCIX.",linus-original,"[-293.04202     117.46741      -8.291422     22.9255        3.8823228
   -2.5718696    -9.429048     -0.8842023    -8.814353      5.523552
   -8.091221     -5.92359      -1.125644     -2.5758216    -2.216288
   -2.0421703    -3.998603     -1.0695375    -1.7847787    -3.9958768
   -3.3510592    -0.62939656   -3.2511227    -2.2440536    -6.549474
   -4.4763947    -4.8514657    -2.7880697    -3.4129612    -3.775002
   -4.3065286    -2.8272014    -2.408418     -1.8182713    -3.3661513
   -1.8044804    -1.9675244    -1.8566566    -2.607268     -1.5752634 ]"
D:\Capstone\VoiceDatasets\Output\Noise removed\linus-original\segment_13.wav,"Which makes him kind of uniquely qualified for this position, because managing me is a challenging task. I am everywhere. Even the most skilled of administrators have struggled with it. And he's one of the only people to ever successfully do that and teach me. He and, I mean, if I'm being honest, really, one of our other colleagues begrudging shout out to Jack. The two of them taught me most of what I know about business, both what to do and what not to do. Shout out.",linus-original,"[-298.612       107.84677      -5.9769382    29.492672      4.604657
   -0.3361786    -6.501241      1.6769961    -9.403489      6.152802
   -8.586063     -3.8858647    -3.7788785    -2.1106822    -0.3128987
   -0.55777144   -4.189126     -0.8095044    -3.38546      -4.250851
   -3.7648866    -1.1137782    -3.5667593    -3.205596     -6.9109173
   -3.6286576    -5.4215493    -2.7581482    -3.1213498    -2.0879784
   -2.8963282    -0.6160332    -1.596233     -1.9096302    -3.355417
   -0.9127355    -2.4274826    -1.68072      -2.2842598    -2.0281978 ]"
D:\Capstone\VoiceDatasets\Output\Noise removed\linus-original\segment_14.wav,"Out. Jack. In the years since his departure from NCIX, Taron has done stints at Corsair and Dell, both of which have been successful enough that they've thwarted all of my previous attempts to hire him. Seriously, since pretty much day one, I've been looking for an excuse for us to work together again. And every single time I would talk to him, he was worth so much more than the last time that I'd go. I guess we're not really ready for this yet. But now that the deal is inked, I'm really excited. I'm excited to work with my friend again. I'm excited to have a steady hand that I can trust on the.",linus-original,"[-2.7989426e+02  1.2525201e+02 -1.4550802e+01  1.4775026e+01
  1.1310995e+01 -7.0962352e-01 -1.2552633e+01 -2.9588705e-02
 -1.0600798e+01  8.0291672e+00 -8.7499533e+00 -5.0236406e+00
 -1.4245257e+00 -2.0992555e-01 -3.2087131e+00  2.9300743e-01
 -3.9422112e+00 -1.7159737e+00 -4.4294252e+00 -4.8858323e+00
 -4.2761021e+00 -2.0439677e+00 -4.2246494e+00 -9.8180330e-01
 -7.7999802e+00 -2.8627329e+00 -5.0846739e+00 -2.8561370e+00
 -3.9933844e+00 -2.7714651e+00 -4.2650814e+00 -2.5117338e+00
 -4.3074570e+00 -2.0087531e+00 -4.4933853e+00 -1.3686053e+00
 -2.9615183e+00 -6.3378233e-01 -3.3057902e+00 -1.2318313e+00]"
D:\Capstone\VoiceDatasets\Output\Noise removed\linus-original\segment_15.wav,"Pillar of this ship a second steady hand. I haven't forgotten about Yvonne, who's the only reason I've lasted this long at all. And I'm also excited about the mentorship that he can provide to me again and also to the rest of our team. We are headed into a really exciting new chapter, guys. Better videos, better products, new investments that are going to make us just the primo source of tech information on the web. I'm sure of it. Now, I don't want to say ah, too much more about him for now. Once he's on boarded, I'm sure he's going to want to prepare a little thing to talk to you guys about.",linus-original,"[-2.8800534e+02  1.3166911e+02 -9.9786816e+00  2.4486561e+01
  9.5471125e+00  9.2207038e-01 -1.0631669e+01  2.1459136e+00
 -8.4720097e+00  6.9752836e+00 -3.5256891e+00 -5.6725130e+00
 -1.1231774e-01  6.8945712e-01 -3.3838472e+00  6.6836649e-01
 -2.7925155e+00 -3.4605286e+00 -1.6898336e+00 -5.0659490e+00
 -2.8968358e+00 -2.7757673e+00 -3.4942951e+00 -1.2518721e+00
 -8.0276165e+00 -3.8529794e+00 -5.3706617e+00 -3.7946699e+00
 -3.8061099e+00 -2.8951399e+00 -3.8004184e+00 -2.7080641e+00
 -3.6643667e+00 -2.6867371e+00 -4.5718918e+00 -1.8845682e+00
 -3.6987875e+00 -2.4283068e+00 -4.1105609e+00 -2.3300312e+00]"
D:\Capstone\VoiceDatasets\Output\Noise removed\linus-original\segment_16.wav,"You know, it'd be kind of fun. Should I interview him? Is that as funny as I think it know, it doesn't matter. We'll figure it out. In the meantime, I can assure you that he is zero bullsh. He's a super hard working guy with great attention to detail and not only a ton of experience in the computer industry, he actually has a background in media as well. He formerly wrote at Neoseeker if you want to go dig up some of his old articles for fun. Sorry, Taryn. Sorry for bringing that up. And sorry for turning your introduction here into this segue to our sponsor, Microcenter.",linus-original,"[-3.20767853e+02  1.08417107e+02  3.86499333e+00  2.53460121e+01
  1.21354609e+01  8.59966850e+00 -1.03685665e+01  4.89388132e+00
 -3.64360881e+00  1.13512688e+01 -4.64908457e+00  2.53420305e+00
 -2.47206378e+00  4.54134607e+00 -1.46785462e+00  4.16541862e+00
 -1.71700549e+00  3.15612745e+00 -2.16626430e+00  1.34682250e+00
 -4.81791115e+00  3.04816628e+00 -2.51913953e+00  1.55128384e+00
 -5.91095495e+00 -1.05942476e+00 -4.59149599e+00 -8.33765447e-01
 -3.42526770e+00 -4.03239518e-01 -3.13603735e+00  1.19477570e+00
 -3.46466088e+00  3.17226529e-01 -2.91386819e+00  1.07500839e+00
 -2.04508352e+00  8.11957598e-01 -1.94028592e+00 -8.29559982e-01]"
D:\Capstone\VoiceDatasets\Output\Noise removed\linus-original\segment_17.wav,"This summer marks the opening of their first store in eight years in Indianapolis, with two more stores set to open by 2025. And if you visit the Indianapolis store, you can get a free 128 gig flash drive just for stopping by. If you want to shop online, you can still take advantage of the $25 discount that they have on all processors for all new customers during May. MicroCenter is featuring desktop deals all month long, with prebuilt desktops available for purchase. And if you prefer to build your own pc, MicroCenter has you covered with a.",linus-original,"[-3.1098767e+02  9.9965500e+01 -7.0777812e+00  1.4702933e+01
 -3.1584399e+00 -6.4629269e+00 -4.7082853e+00 -3.9582214e+00
 -8.9520245e+00  1.2009759e+01 -1.4275657e+01  1.5430515e+00
 -5.5453467e+00  2.9673777e+00 -2.5629807e+00 -3.7872240e-01
 -4.8368807e+00  2.9608297e+00 -5.7189531e+00 -1.5300409e+00
 -1.8426975e+00  3.0911002e+00 -3.6350477e+00  7.0842886e-01
 -7.2751489e+00  6.7483401e-01 -2.6483359e+00  2.3514287e+00
 -2.7729313e+00  1.4695581e+00 -1.1017152e+00  1.2575355e+00
 -2.3267643e+00 -6.3509434e-01 -4.0917978e+00  2.4173862e-01
 -1.8358974e+00  4.3297324e-01 -6.4452237e-01  2.2432310e-04]"
D:\Capstone\VoiceDatasets\Output\Noise removed\linus-original\segment_18.wav,"A wide range of pc parts and knowledgeable associates to help you with your build. You can even use their online pc builder tool to ensure compatibility and to get your parts in store in just 18 minutes. If you're proud of your build, submit it to their build showcase for a chance to receive a coupon for your next instore purchase. With over 25 stores across the US, microcenter offers amazing selection and prices on laptops, computer components, monitors, tvs, networking equipment, and more. And if you need service and repairs, they have a dedicated department to help you with that as well. So watch.",linus-original,"[-3.2652457e+02  1.0204421e+02 -5.8924403e+00  1.7759207e+01
  2.1318779e+00 -3.0201440e+00 -6.9713335e+00 -4.5962548e+00
 -8.2374964e+00  1.2364258e+01 -1.4431480e+01  5.2835530e-01
 -5.3337812e+00  2.5385134e+00 -2.1921163e+00  1.3446585e+00
 -5.1197052e+00  3.1056705e+00 -5.5923867e+00 -1.8193870e+00
 -2.7100077e+00  1.9423435e+00 -3.7804775e+00  2.6896197e-01
 -7.8194299e+00  1.5673214e-01 -4.1330485e+00  4.3694723e-01
 -4.0044026e+00  7.6651037e-01 -9.0330386e-01  1.7499303e+00
 -1.6513660e+00  9.0235341e-01 -2.8939550e+00  1.3168980e+00
 -1.9594235e+00  3.7505025e-01 -1.7298977e+00  8.6551704e-02]"
D:\Capstone\VoiceDatasets\Output\Noise removed\linus-original\segment_19.wav,"Why wait? Visit Microcenter today or click the link in the description to see why they're the go to destination for all your tech needs. If you guys want some more context for this big change, I would suggest checking out the I'm thinking of retiring stream. I still can't watch it just to find the timestamps for what I put in the video earlier, I had to just download a transcript. It's just rough, but it might give you guys a better idea of the headspace that ultimately led me to give up the reins so that I can focus just on my love of tech and bringing you guys the best content that I can.",linus-original,"[-3.2518591e+02  1.0330163e+02  2.1761160e+00  2.8196941e+01
  1.0037864e+01  4.1034389e+00 -8.3116961e+00  5.1649780e+00
 -3.8596811e+00  9.3028555e+00 -5.9598255e+00  5.3807402e+00
 -3.5458796e+00  6.6993437e+00 -2.2870216e-01  4.4781923e+00
 -2.3823018e+00  5.2455668e+00 -2.2899384e+00  1.6252394e+00
 -3.0678065e+00  2.7478783e+00 -3.4950073e+00  2.0753288e+00
 -6.5409613e+00  1.1268458e+00 -3.6243145e+00  1.7695267e+00
 -2.9775321e+00  5.6505734e-01 -2.4931180e+00  9.8758584e-01
 -2.3740184e+00  6.8147838e-01 -3.1178584e+00  6.7986953e-01
 -2.1257739e+00  3.9286450e-01 -2.4604778e+00 -6.7608142e-01]"
D:\Capstone\VoiceDatasets\Output\Noise removed\musk-original\segment_1.wav,"Description. So I was trying to think, what is the most useful thing that I could, what could I say that could actually be helpful or useful to you in the future? And I thought, perhaps tell the story of how I sort of came to be here. How did some of these things happen? And maybe there's some lessons there, because I often find myself wondering, how did this happen? So when I was young, I. I.",musk-original,"[-2.88795044e+02  1.80869659e+02 -2.22663383e+01  2.11942120e+01
  7.36963511e+00 -1.06836605e+01 -9.12095928e+00 -2.25356255e+01
 -1.14770889e+01 -7.81501532e+00 -7.64689565e-01  4.29238081e+00
 -1.62672013e-01 -1.19856131e+00 -3.40125227e+00  4.36376953e+00
  9.66242731e-01 -6.54206610e+00  5.66787124e-01 -3.11752415e+00
 -6.34803867e+00 -2.68507099e+00 -3.55992246e+00 -3.80468607e+00
 -3.11524653e+00 -9.01409686e-01 -1.28577089e+00 -1.90539873e+00
 -1.18855786e+00 -1.23702788e+00  8.94331217e-01 -2.30728686e-01
 -5.69122910e-01  9.08735037e-01 -1.91906631e-01  8.17309141e-01
  7.44884312e-01  2.64100015e-01  5.50440252e-01 -2.35733792e-01]"
D:\Capstone\VoiceDatasets\Output\Noise removed\musk-original\segment_2.wav,"That I didn't really know what I was going to do when I got older. People kept asking me. But then, eventually I thought that the idea of inventing things would be really cool. And the reason I thought that was because I read a quote from Arthur C. Clark which said that sufficiently advanced technology is indistinguishable from magic. And that's it's really true. If you go back, say, 300 years the.",musk-original,"[-2.9838855e+02  1.7793990e+02 -2.3404167e+01  2.4929655e+01
  1.3293367e+01 -9.0104265e+00 -9.7079687e+00 -2.5278959e+01
 -1.2744239e+01 -5.4870024e+00 -3.6243265e+00  8.9935017e-01
  2.7910763e-01 -1.5514624e+00 -2.7928622e+00  4.8336835e+00
  8.1964970e-02 -5.9695616e+00  2.3110583e+00 -2.1018901e+00
 -6.5747442e+00 -2.1998506e+00 -2.9400964e+00 -4.1370149e+00
 -2.2437079e+00 -1.0520356e+00 -2.5252364e+00 -1.9123164e+00
 -1.8566290e+00 -1.3198372e+00  1.3485888e+00 -1.0362257e+00
 -3.8840431e-01  1.7349272e+00 -2.5891632e-01  8.9650631e-02
  4.3903302e-02  4.1026482e-01  2.5600317e-01 -1.0571109e+00]"
D:\Capstone\VoiceDatasets\Output\Noise removed\musk-original\segment_3.wav,"Things that we take for granted today, you'd be burned at the stake for being able to fly. That's crazy. Being able to see over long distances, being able to communicate, having effectively with the Internet, a group mind of sorts, and having access to all the world's information instantly from almost anywhere in the earth. This is stuff that really would be magic.",musk-original,"[-3.2981982e+02  1.7212146e+02 -2.6684328e+01  3.0547026e+01
  1.3880309e+01 -1.2730404e+01 -8.4437494e+00 -2.3751652e+01
 -1.1739253e+01 -5.3284311e+00 -4.3613224e+00  4.8218150e-02
  1.0563639e+00 -3.7005121e-01 -4.5352173e+00  4.2025580e+00
  5.5849379e-01 -5.7815146e+00  2.8147748e+00 -3.2737942e+00
 -6.7985592e+00 -7.9534829e-01 -2.7286003e+00 -4.9447231e+00
 -3.0214691e+00 -7.1682388e-01 -2.3800545e+00 -1.8554950e+00
 -1.1177434e+00 -1.8815391e+00  1.0434778e+00 -4.0585297e-01
 -4.4128868e-01  1.5991317e+00 -4.0945992e-01  4.0755904e-01
  3.0991039e-01  1.4864054e-01  5.8699304e-01 -1.0025730e+00]"
D:\Capstone\VoiceDatasets\Output\Noise removed\musk-original\segment_4.wav,"Would be considered magic in times past. In fact, I think it actually goes beyond that because there are many things that we take for granted today that weren't even imagined in times past. They weren't even in the realm of magic. So it actually goes beyond that. So I thought, well, if I can do some of those things, basically, if I can advance technology, then that's like magic. And that would be really pool I was at sort of.",musk-original,"[-3.30857788e+02  1.78279678e+02 -2.57653828e+01  2.70651913e+01
  1.40051384e+01 -1.03445635e+01 -8.90429878e+00 -2.69901066e+01
 -1.36446352e+01 -4.93464136e+00 -3.49459100e+00  7.12409973e-01
 -7.53033698e-01 -2.21915698e+00 -2.94423294e+00  5.01472712e+00
 -4.82533634e-01 -7.04282951e+00  1.90718949e+00 -1.85837317e+00
 -6.95358324e+00 -3.74381185e+00 -2.94132018e+00 -4.07554340e+00
 -4.07933426e+00 -1.39818037e+00 -2.38307023e+00 -2.14244270e+00
 -1.22199214e+00 -1.84479606e+00  1.09049428e+00 -3.59887391e-01
 -1.09592938e+00  8.90966475e-01 -6.75446033e-01 -1.31643146e-01
  1.45735875e-01 -1.48433551e-01 -3.78425419e-01 -1.45334697e+00]"
D:\Capstone\VoiceDatasets\Output\Noise removed\musk-original\segment_5.wav,"Slight existential crisis because I was trying to figure out what does it all mean, like, what's the purpose of things? And I came to the conclusion that if we can advance the knowledge of the world, if we can do things that expand the scope and scale of consciousness, then we're better able to ask the right questions and become more enlightened. And that's really the only way forward. So I studied.",musk-original,"[-3.3235135e+02  1.7290540e+02 -2.0763697e+01  2.3355844e+01
  9.7772713e+00 -7.5821190e+00 -7.8148599e+00 -2.5304493e+01
 -1.1704472e+01 -6.3924623e+00 -2.1501441e+00  3.2064474e+00
 -3.7226442e-01 -1.5186169e+00 -3.0938287e+00  5.1992369e+00
  9.8365015e-01 -6.8938494e+00  1.1370792e+00 -1.7657467e+00
 -6.5919709e+00 -3.6612670e+00 -2.4461057e+00 -3.8206606e+00
 -3.9171705e+00 -8.5223132e-01 -2.4666522e+00 -1.8578051e+00
 -9.2681432e-01 -2.0646658e+00  1.5684731e+00 -3.3040354e-01
 -9.5378977e-01  1.5992351e+00 -7.9114753e-01  1.2883885e-01
  6.1023349e-01 -3.9525974e-01 -5.1943594e-01 -1.4993724e+00]"
D:\Capstone\VoiceDatasets\Output\Noise removed\musk-original\segment_6.wav,"Six in business. Because I figured in order to do a lot of these things, you need to know how the universe works and you need to know how the economy works. And you also need to be able to bring a lot of people together to work with you to create something, because it's very difficult to do something as an individual if it's a significant technology. So I originally came out to California to it try to figure out how to improve the energy dense.",musk-original,"[-3.2424918e+02  1.7538274e+02 -2.5412466e+01  3.0602543e+01
  1.2955444e+01 -8.1712885e+00 -5.8025432e+00 -2.5000017e+01
 -1.0776907e+01 -6.0180206e+00 -4.4756951e+00  6.0819852e-01
 -3.3110848e-01 -5.0323244e-02 -4.5637522e+00  3.3883953e+00
  1.5883259e+00 -5.6507835e+00  2.1469662e+00 -2.3088923e+00
 -6.8863959e+00 -2.7298563e+00 -2.9632058e+00 -5.0559921e+00
 -4.7258482e+00 -1.2597388e+00 -2.1275980e+00 -1.7368945e+00
 -1.2070097e+00 -2.3745091e+00  1.0805082e+00 -6.8378603e-01
 -7.9765606e-01  1.6375073e+00 -1.2672999e+00 -3.0311987e-01
 -1.9192073e-02 -7.0336491e-01  7.4304245e-02 -1.3295336e+00]"
D:\Capstone\VoiceDatasets\Output\Noise removed\musk-original\segment_7.wav,"T of electric vehicles, basically to try to figure out if there was an advanced capacitor that could serve as an alternative to batteries. And that was in 95. And that's also when the Internet started to happen. I thought, well, I can either pursue this technology where success may not be one of the possible outcomes, which is always tricky.",musk-original,"[-3.3715393e+02  1.7482295e+02 -2.2392996e+01  2.6430050e+01
  1.0963963e+01 -8.7159576e+00 -8.8167248e+00 -2.6343031e+01
 -1.1774091e+01 -5.7179317e+00 -8.6482537e-01  4.0979033e+00
 -6.7592606e-02 -8.0208027e-01 -2.2518504e+00  5.1774144e+00
 -1.6769882e-02 -7.2539835e+00  1.4411608e+00 -1.9879699e+00
 -6.6996059e+00 -3.3477914e+00 -2.3218782e+00 -4.0274639e+00
 -4.3340902e+00 -1.1357458e+00 -2.2618277e+00 -1.9177849e+00
 -1.3052492e+00 -2.2632029e+00  9.6515703e-01 -7.7112305e-01
 -8.0055314e-01  1.6187760e+00 -4.9506578e-01  6.6583562e-01
  8.3915174e-01 -2.7200696e-01 -1.8317199e-01 -1.0553008e+00]"
D:\Capstone\VoiceDatasets\Output\Noise removed\musk-original\segment_8.wav,"Me or participate in the Internet and be part of it. So I decided to drop out, obviously. Fortunately, we're past graduation, so I can't be accused of recommending that to you. Did some Internet stuff. Did. Did a few things here and there, one of which was PayPal.",musk-original,"[-3.2801984e+02  1.7884825e+02 -2.6138765e+01  2.1611742e+01
  1.3502753e+01 -9.6155252e+00 -7.8881049e+00 -2.3070168e+01
 -1.2679703e+01 -3.4331307e+00  1.3601729e+00  3.0821292e+00
 -1.7011291e-01 -2.8846532e-01 -3.0930047e+00  2.7128983e+00
 -5.3400981e-01 -6.1084309e+00  1.4061238e+00 -2.6222920e+00
 -6.7736635e+00 -3.0583928e+00 -2.2703767e+00 -3.5626698e+00
 -4.0975409e+00 -1.1698869e+00 -1.8436564e+00 -2.1223221e+00
 -1.4576951e+00 -2.3734386e+00  1.1293589e+00 -6.9133967e-02
 -1.2005922e+00  1.5649499e+00 -2.3778172e-01  1.4177337e-01
  5.8893305e-01 -3.4540978e-01  2.3646946e-01 -1.1361442e+00]"
D:\Capstone\VoiceDatasets\Output\Noise removed\musk-original\segment_9.wav,"And I think maybe it's helpful to say one of the things that was important then in the creation of PayPal was kind of how it started, because initially the initial thought with PayPal was to create an agglomeration of financial services. So to have one place where all your financial services needs would be seamlessly integrated and work smooth, and then we had, like, a little feature which was to do email payments.",musk-original,"[-3.21521851e+02  1.76279800e+02 -2.52937279e+01  2.97354507e+01
  1.06191864e+01 -8.85194302e+00 -7.59625864e+00 -2.64184895e+01
 -1.15216055e+01 -8.11375999e+00 -5.11519527e+00  9.96265709e-02
 -1.31477177e+00 -2.53506958e-01 -4.60654497e+00  4.28771639e+00
  2.07861447e+00 -6.34041500e+00  2.10630631e+00 -1.37460148e+00
 -6.93149328e+00 -3.86969471e+00 -2.71314859e+00 -4.16875935e+00
 -4.83041143e+00 -1.73275959e+00 -2.15959382e+00 -1.68466294e+00
 -1.62981284e+00 -1.97434008e+00  1.85831988e+00 -7.23916233e-01
 -1.01415825e+00  1.57206357e+00 -7.12668300e-01 -2.00192645e-01
 -5.82750618e-01 -7.81682611e-01 -4.93382990e-01 -1.81604719e+00]"
D:\Capstone\VoiceDatasets\Output\Noise removed\musk-original\segment_10.wav,"Whenever we'd show the system off to someone, we'd show the hard part, which was the agglomeration of financial services, which was quite difficult to put together. Nobody was interested. Then we'd show people email payments, which was actually quite easy, and everybody was interested. So I think it's important to take feedback from your environment. It you want to be as closed loop as possible.",musk-original,"[-3.2388284e+02  1.7609723e+02 -2.4976952e+01  2.8619884e+01
  1.2721863e+01 -6.9883766e+00 -5.3401728e+00 -2.3450949e+01
 -1.2741789e+01 -8.4571209e+00 -2.0547714e+00  1.9486120e+00
 -4.4361830e-01  2.2873874e-01 -4.5035844e+00  4.7572570e+00
  2.4899862e+00 -6.5542727e+00  3.2323131e-01 -2.1821191e+00
 -5.1016898e+00 -3.4683464e+00 -2.9381056e+00 -2.7933636e+00
 -4.2050462e+00 -1.4052455e+00 -1.4964279e+00 -1.6176119e+00
 -1.9163176e+00 -2.3298533e+00  1.8169007e+00 -8.0912077e-01
 -1.1130482e+00  1.6801448e+00 -5.3217506e-01  5.8401489e-01
  9.5491678e-02 -2.0719293e-01  4.1039312e-01 -1.5079095e+00]"
D:\Capstone\VoiceDatasets\Output\Noise removed\musk-original\segment_11.wav,"So we focused on email payments and really try to make that work, and that's what really got things to take off. But if we hadn't responded to what people said, then we probably would not have been successful. So it's important to look for things like that and focus on them when you see them and correct your prior assumptions. And then the going from PayPal.",musk-original,"[-3.38197723e+02  1.80945404e+02 -2.20972404e+01  2.26035805e+01
  1.26611185e+01 -6.93134260e+00 -5.74055195e+00 -2.21543808e+01
 -1.15412016e+01 -6.73256254e+00 -4.04268456e+00  8.03658962e-01
  2.88207948e-01 -1.86448008e-01 -4.54529667e+00  3.13094544e+00
  1.79244041e+00 -6.32499075e+00 -7.29465783e-02 -2.01285291e+00
 -5.92467308e+00 -3.53271484e+00 -2.87885785e+00 -3.33715224e+00
 -3.37464023e+00 -1.06785095e+00 -2.35929704e+00 -2.53855181e+00
 -1.32589459e+00 -1.98925126e+00  5.06038487e-01 -8.95533502e-01
 -1.24208605e+00  1.29175365e+00 -6.28192723e-01 -1.15175985e-01
  2.86816329e-01 -4.83984560e-01  3.12909484e-01 -7.45473623e-01]"
D:\Capstone\VoiceDatasets\Output\Noise removed\musk-original\segment_12.wav,"Thought, well, what are some of the other problems that are likely to most affect the future of humanity? It really wasn't from the perspective of what's the rank ordered best way to make money, which is okay, but what I think is going to most affect the future of humanity. I think the biggest terrestrial problem we've got is sustainable energy, but the production.",musk-original,"[-3.3402222e+02  1.7865565e+02 -1.7143864e+01  2.5973412e+01
  1.3295025e+01 -8.4891710e+00 -5.3245330e+00 -2.1142273e+01
 -1.2945077e+01 -7.8221765e+00 -3.3315361e+00  1.9982494e+00
  1.0313912e-01 -7.8113800e-01 -3.4243860e+00  4.5023408e+00
  2.0859330e+00 -5.7999735e+00  1.9676571e+00 -1.7949285e-01
 -6.1885052e+00 -3.2974949e+00 -1.9037318e+00 -3.7017298e+00
 -3.9730814e+00 -1.4977931e+00 -2.3254893e+00 -2.1827710e+00
 -2.0790577e+00 -2.3640234e+00  1.1204649e+00 -7.6115996e-01
 -1.2354940e+00  1.1874743e+00 -7.6343232e-01  1.5132596e-01
  1.5766209e-01 -1.0916052e+00 -4.7608456e-01 -1.4343938e+00]"
D:\Capstone\VoiceDatasets\Output\Noise removed\musk-original\segment_13.wav,"And consumption of energy in a sustainable manner. If we don't solve that this century, we're in deep trouble. And then the other one being the extension of life beyond Earth to make life multiplanetary. So the latter is the basis for SpaceX and the former is the basis for Tesla and Solarcity. I and when I started spacex,",musk-original,"[-3.2838928e+02  1.7462645e+02 -1.8862474e+01  3.0206692e+01
  1.0548443e+01 -8.0888433e+00 -8.4836025e+00 -2.5107479e+01
 -1.0810308e+01 -8.5657730e+00 -2.3261344e+00  2.7627149e+00
 -1.9626381e+00 -9.5209616e-01 -3.3071115e+00  5.0977192e+00
  1.3624822e+00 -6.4226084e+00  2.5070570e+00 -1.6899883e+00
 -7.1740026e+00 -3.3955448e+00 -2.3573265e+00 -4.6544752e+00
 -4.5438313e+00 -6.6217059e-01 -2.5778031e+00 -2.3923554e+00
 -1.7419317e+00 -2.3901823e+00  1.8745427e+00 -6.4038867e-01
 -1.0044668e+00  2.3061004e+00  2.0724883e-02  3.5897297e-01
  9.0993069e-02 -2.6562491e-01 -2.2585894e-01 -1.8943324e+00]"
D:\Capstone\VoiceDatasets\Output\Noise removed\musk-original\segment_14.wav,"Initially, I thought that, well, there's no way one could possibly start a rocket company. I wasn't that crazy. But then I thought, well, what is a way to increase NASA's budget? That was actually my initial goal. So I thought, well, if we can do a low cost mission to mars, something called mars oasis, which would land seeds with seized and dehydrated nutrient gel, and you hydrate them upon landing, and then you'd have.",musk-original,"[-3.2672092e+02  1.7588243e+02 -1.9966166e+01  2.4884106e+01
  1.0850325e+01 -1.0014461e+01 -6.8831229e+00 -2.3659645e+01
 -1.3065029e+01 -6.9118304e+00 -4.0034652e+00  9.1320008e-01
  2.3224209e-02 -5.2339303e-01 -3.7948024e+00  3.7796748e+00
  1.3318036e+00 -6.1885414e+00  1.8764838e+00 -2.4083957e-01
 -5.8632174e+00 -3.0480390e+00 -1.8273536e+00 -3.8540447e+00
 -3.9273365e+00 -7.5076324e-01 -2.7523749e+00 -3.0203426e+00
 -1.3995286e+00 -1.8266850e+00  1.1949145e+00 -5.0975502e-01
 -9.5278144e-01  2.0324283e+00 -1.4150481e-01 -9.8427637e-03
  3.8332358e-01 -5.1896465e-01 -2.4766484e-01 -1.0688485e+00]"
D:\Capstone\VoiceDatasets\Output\Noise removed\musk-original\segment_15.wav,"Have this great sort of money shot of green plants on a red background, and the public tends to respond to precedents and superlatives. And this would be the first life on Mars, the furthest that life's ever traveled, as far as we know. And I thought, well, that would get people really excited and therefore increase NASA's budget. So obviously, actual outcome from such a mission would probably be zero. So anything better than that was.",musk-original,"[-3.1786621e+02  1.7832828e+02 -2.6584490e+01  2.4672794e+01
  9.4473867e+00 -9.7761574e+00 -7.4525089e+00 -2.5288404e+01
 -1.3714872e+01 -8.6921768e+00 -3.4744620e-01  4.8852496e+00
 -1.0210443e+00 -2.4829154e-01 -3.0380995e+00  4.1706705e+00
  1.8148469e+00 -6.6635408e+00  1.1232077e+00 -6.4002526e-01
 -5.6903687e+00 -3.2092171e+00 -1.7577528e+00 -3.9107156e+00
 -5.0425539e+00 -1.3851668e+00 -2.3796844e+00 -2.0011504e+00
 -1.4009303e+00 -2.0986204e+00  2.4608879e+00 -1.5443014e-01
 -1.2673705e+00  2.2430556e+00  7.8111261e-02  4.5612919e-01
  4.0059885e-01 -1.3650109e-01  7.9826780e-02 -1.4475535e+00]"
D:\Capstone\VoiceDatasets\Output\Noise removed\musk-original\segment_16.wav,"On the upside. So I went to Russia three times to look at buying a refurbished ICBM because that was the best deal. And I can tell you, it was very weird going there in late 2001, 2002, going to the russian rock forces and saying, I'd like to buy two of your biggest rockets, but you can keep.",musk-original,"[-3.13825867e+02  1.80063126e+02 -3.13952141e+01  2.64171734e+01
  8.58927917e+00 -1.09333935e+01 -7.70857906e+00 -2.66909657e+01
 -1.23844471e+01 -5.47100401e+00 -2.24089533e-01  2.25862217e+00
 -5.28435886e-01  1.31298828e+00 -4.61196756e+00  1.98499560e+00
 -1.85357258e-01 -6.46377945e+00  1.84678280e+00 -2.46151280e+00
 -5.61662340e+00 -3.34093213e+00 -3.54498315e+00 -3.05159760e+00
 -4.37477350e+00 -1.53668010e+00 -1.62387562e+00 -1.93859899e+00
 -1.01603627e+00 -1.90923595e+00  1.39763141e+00 -9.51066017e-02
 -6.10517502e-01  1.58771598e+00 -2.30825827e-01  9.92161810e-01
 -5.68396859e-02 -8.61703515e-01  7.42150098e-02 -1.56078172e+00]"
D:\Capstone\VoiceDatasets\Output\Noise removed\musk-original\segment_17.wav,"The nuke. That's a lot more. And that was ten years ago? I guess so. They thought I was crazy, but I did have money, so that was okay. And after making several trips to Russia, I came to the conclusion that that actually, my initial impression was wrong about.",musk-original,"[-3.2267798e+02  1.8389745e+02 -3.1884224e+01  2.3104933e+01
  9.2754869e+00 -1.4360184e+01 -1.0168055e+01 -2.5811316e+01
 -1.3286102e+01 -5.7860689e+00  4.5215318e-01  3.3352573e+00
 -8.8800144e-01  9.0563500e-01 -2.7745051e+00  2.8623443e+00
 -2.4148744e-01 -7.1760488e+00  1.3546182e+00 -2.1298943e+00
 -6.1775274e+00 -3.0449207e+00 -3.3968933e+00 -3.4979618e+00
 -3.4433670e+00 -1.1862636e+00 -1.9612198e+00 -1.9524096e+00
 -1.1848458e+00 -2.1121128e+00  1.4344419e+00 -1.5387826e-01
 -1.3180029e+00  1.2241415e+00 -5.0343430e-01  5.5675799e-01
  7.0278281e-01 -1.5604426e-01 -6.0340716e-04 -1.6074147e+00]"
D:\Capstone\VoiceDatasets\Output\Noise removed\musk-original\segment_18.wav,"Up because my initial thought was, well, that there's not enough will to explore and expand beyond earth and have a Mars base and that kind of thing. But I came conclusion that that was wrong. In fact, there's plenty of will, particularly in the United States, because the United States is a nation of explorers, of people who came here from other parts of the world. I think the United States really a distillation of the spirit of human exploration. So.",musk-original,"[-3.2713986e+02  1.7637701e+02 -2.0259983e+01  2.8477396e+01
  1.1520335e+01 -9.3331270e+00 -8.9941044e+00 -2.5303795e+01
 -1.2152218e+01 -1.0375960e+01 -5.7821116e+00  1.4462953e+00
 -1.1799055e+00 -1.3559413e-01 -3.0256345e+00  4.4381695e+00
  1.7923495e+00 -6.4836812e+00  2.2084391e+00 -3.2327175e-01
 -6.5237217e+00 -3.8428404e+00 -2.6072092e+00 -3.8711021e+00
 -4.2822037e+00 -2.1544137e+00 -3.0563259e+00 -1.9454019e+00
 -1.9803505e+00 -2.5504675e+00  2.1959891e+00 -1.4963725e-01
 -9.3337125e-01  1.6235582e+00 -8.4673846e-01  4.0598583e-01
  2.7523381e-01 -6.8284506e-01 -9.7296096e-02 -1.9324567e+00]"
D:\Capstone\VoiceDatasets\Output\Noise removed\musk-original\segment_19.wav,"But if people think it's impossible or it's going to completely break the federal budget, then they're not going to do it. So after my third trip, I said, okay, what we really need to do here is try to solve the space transport problem. And started SpaceX. And this was against the advice of pretty much everyone I talked to. But one friend made me sit down and watch a bunch of videos of rockets blowing up.",musk-original,"[-3.3054578e+02  1.8309019e+02 -2.3947346e+01  2.4997225e+01
  1.1306191e+01 -9.1020412e+00 -7.3576093e+00 -2.4723564e+01
 -1.1972403e+01 -6.9586573e+00 -3.4751196e+00  2.0449505e+00
 -6.0993677e-01 -1.1537169e+00 -3.6818907e+00  3.8461282e+00
  1.1817101e+00 -6.3988523e+00  9.6236283e-01 -8.4559786e-01
 -5.6386304e+00 -4.2505565e+00 -3.0690348e+00 -3.8910675e+00
 -4.8108468e+00 -1.7854849e+00 -2.0844696e+00 -1.7331104e+00
 -1.7184538e+00 -2.5284271e+00  1.6906544e+00 -1.5753868e-01
 -1.1445690e+00  1.5558043e+00 -2.2587356e-01  5.2967739e-01
  6.5811855e-01 -1.3473862e-01 -1.7853098e-01 -1.3930869e+00]"
D:\Capstone\VoiceDatasets\Output\Noise removed\musk-original\segment_20.wav,"It. Let me tell you, he wasn't far wrong. It was tough going there in the beginning because I'd never built anything physical. I mean, I'd built, like, little model rockets as a kid and that kind of thing, but I'd never had a company that built anything physical, so I had to kind of figure out how to do all these things and bring together the right team of people, and. And so we did all that and. And then failed three times.",musk-original,"[-3.22539856e+02  1.83332581e+02 -2.44565296e+01  2.48471909e+01
  1.54092655e+01 -1.04757986e+01 -8.82665825e+00 -2.33252106e+01
 -1.16696529e+01 -4.29917383e+00 -2.91720009e+00  3.21128547e-01
  6.32189363e-02 -4.39939052e-01 -2.90776515e+00  5.25427008e+00
  1.01348388e+00 -7.63203716e+00  1.11964190e+00 -8.68774712e-01
 -6.24805164e+00 -3.59710383e+00 -3.41540265e+00 -3.92458010e+00
 -3.38412356e+00 -1.85612178e+00 -2.45316672e+00 -1.96386528e+00
 -1.75903571e+00 -1.75921571e+00  1.60832477e+00 -7.19444826e-02
 -5.76560616e-01  1.43523240e+00  1.53948754e-01  1.14850700e+00
  2.52213299e-01 -4.39918578e-01  1.30454779e-01 -1.61288011e+00]"
